Epoch,TrainLoss,TrainDice,TrainIoU,TrainGlobalDice,TrainGlobalIoU,ValLoss,ValDice,ValIoU,ValGlobalDice,ValGlobalIoU
26,0.3953466345979409,0.6908902113700842,0.5642522864721038,0.7102547816859631,0.5644108883117314,0.5476967464342262,0.5733432799126162,0.4478023669710665,0.6161242587999864,0.45578407846165425
