Epoch,TrainLoss,TrainDice,TrainIoU,TrainGlobalDice,TrainGlobalIoU,ValLoss,ValDice,ValIoU,ValGlobalDice,ValGlobalIoU
39,0.33518261341499045,0.7351458812882374,0.6090324784012197,0.755483561909044,0.615660312500867,0.48047543317079544,0.620687273189877,0.4966060451485894,0.6583850941423214,0.5015814858629848
