Epoch,TrainLoss,TrainDice,TrainIoU,TrainGlobalDice,TrainGlobalIoU,ValLoss,ValDice,ValIoU,ValGlobalDice,ValGlobalIoU
22,0.3403310395486943,0.7324625312459546,0.6071683831948351,0.7490040907612094,0.6095297634722544,0.5037798115024061,0.604051936982256,0.4798093613124255,0.640057639190645,0.48344239095846814
