Epoch,TrainLoss,TrainDice,TrainIoU,TrainGlobalDice,TrainGlobalIoU,ValLoss,ValDice,ValIoU,ValGlobalDice,ValGlobalIoU
18,0.47331999926888324,0.6296342582163679,0.49640676111297366,0.6437442181752874,0.486373138934519,0.5367944030599161,0.5811572352593596,0.4564946595240723,0.5992995681184711,0.4434639009449518
