Epoch,TrainLoss,TrainDice,TrainIoU,TrainGlobalDice,TrainGlobalIoU,ValLoss,ValDice,ValIoU,ValGlobalDice,ValGlobalIoU
18,0.4325397795235569,0.6599858782266255,0.5283663698242276,0.6765865124520156,0.5232218962114352,0.5132250373787952,0.5999842441894792,0.4717939742135279,0.6231692934578116,0.4641556752224763
