Epoch,TrainLoss,TrainDice,TrainIoU,TrainGlobalDice,TrainGlobalIoU,ValLoss,ValDice,ValIoU,ValGlobalDice,ValGlobalIoU
32,0.3243644307911783,0.7446487756179911,0.6212411236574317,0.7584494778813867,0.6214439657020878,0.4892224772184184,0.6138245883313093,0.4898896991755023,0.648115687636715,0.49328172692295275
